Paul,Producer,paul@gmail.com,125 E 400 S,Salt Lake City,Utah,84111,40.730272,-111.826605,False,
Parker,Stewart,pman@advanceddv.com,1919 E Westminster Ave,Salt Lake City,Utah,84108,40.729378,-111.835829,False,
Roman,Clark,roman@gmail.com,700 E 1300 S,Salt Lake City,Utah,84112,40.741524,-111.871197,False,
Jared,Hansen,jared@gmail.com,500 E 900 S,Salt Lake City,Utah,84112,40.741565,-111.853601,False,
Jason,Hansen,jason@gmail.com,2700 S 400 E,Salt Lake City,Utah,84112,40.728164,-111.830688,False,
Charlie,Brown,charlie@gmail.com,994 S Denver St,Salt Lake City,Utah,84112,40.743879,-111.813305,False,
Snoopy,Dog,snoopy@gmail.com,1500 S W Temple,Salt Lake City,Utah,84112,40.758177,-111.859784,False,
Linus,van Pelt,linus@gmail.com,699 E South Temple,Salt Lake City,Utah,84112,40.75638,-111.900516,False,
Sally,Brown,sally@gmail.com,1650 S Foothill Dr.,Salt Lake City,Utah,84112,40.744264,-111.917133,False,
Pig,Pen,pig@gmail.com,1805 Laurelhurst Dr.,Salt Lake City,Utah,84112,40.699852,-111.816931,False,
Lucy,van Pelt,lucy@gmail.com,201 President's Circle,Salt Lake City,Utah,84112,40.687064,-111.865535,False,
,,,,,,,,,,
